id;title;first_name;middle_name;last_name;suffix;full_name;job_title;dept;location;manager_name;assistant_name;referred_by;context;is_primary;is_delete;image_p_ath;notes;create_date;update_date;ref_no;is_global_contact;is_bounce;is_active;is_sync
1;Lead metrics;Ida;Peru Oregon India;Sipes;Dynamic fault-tolerant Response;Global Car Assistant;Investor Interactions Specialist;administration Buckinghamshire;applications Games;Center Tasty;blue;Unbranded Electronics open-source;Incredible magenta;true;false;Director reinvent;Handcrafted Customer;2022-12-05;2022-12-06;Borders robust;false;false;true;false
2;online silver Grove;Rhianna;SDD incentivize deposit;Wehner;Manat;deposit;Forward Communications Agent;defect;Fully-configurable;communities;architect strategize engage;Credit bypass Forge;RAM Technician Assimilated;false;false;fresh-thinking;Syrian;2022-12-06;2022-12-06;redundant Bedfordshire;true;false;true;false
3;quantifying COM Towels;Favian;Rubber;Pagac;Steel Naira Iceland;Avon Regional matrix;International Communications Representative;SCSI Administrator;Mountain program;withdrawal input Peso;Plastic Future Configuration;index Maine;Hills Implementation;true;false;Home Account;Mission up;2022-12-06;2022-12-06;Buckinghamshire Costa;true;false;true;true
4;Corporate Operations Table;Haley;CSS SAS turquoise;Ernser;enterprise;program;National Factors Planner;Future proactive Sausages;embrace structure;Chicken Mouse port;Officer disintermediate;needs-based;Avon;false;true;invoice Buckinghamshire;Sleek ivory Garden;2022-12-06;2022-12-06;Borders Arkansas Bedfordshire;false;false;false;true
5;panel interface;Marquis;compress;Denesik;networks Bike Shoal;cutting-edge;National Data Consultant;array;Plastic Unbranded;Directives Baby e-business;connecting ivory;foreground Jewelery hacking;Macedonia Syrian;false;true;Networked Luxembourg;Designer;2022-12-06;2022-12-06;software;false;false;true;false
6;Granite leading-edge;Jacinthe;Sleek;Crooks;Frozen synergize artificial;target Dobra attitude-oriented;Customer Security Assistant;Salad Infrastructure SQL;strategy core;extensible;Soft;Savings;Car yellow;true;true;mobile;Cotton;2022-12-06;2022-12-05;yellow;true;true;true;false
7;Pizza Tajikistan;Barrett;Customizable Fantastic;Wisozk;Jersey installation;generate Generic matrix;Regional Program Director;Uruguayo intranet program;Investor circuit Denmark;Quetzal background;pink;concept SSL quantify;Card Borders;false;false;collaboration;Berkshire Sleek invoice;2022-12-06;2022-12-06;Principal;true;false;true;false
8;Rubber;Aida;transform Barthelemy Chief;Leuschke;deposit online;system multi-byte;International Communications Architect;Market Loan;withdrawal salmon;override;seamless content engage;Steel;Vermont Associate;false;false;hack;conglomeration;2022-12-06;2022-12-06;XML;true;true;true;false
9;vortals;Destany;sexy Oman;Lueilwitz;access;hack;Regional Assurance Liaison;calculating port;override hardware Avon;modular Florida Refined;channels morph;Hat Ergonomic User-centric;Dynamic content streamline;false;true;Berkshire blue;Cotton orchid;2022-12-05;2022-12-06;Rubber Movies;true;true;false;false
10;magenta;Osborne;clicks-and-mortar;Hudson;Buckinghamshire Tenge;motivating infomediaries alarm;Senior Metrics Representative;Product calculating Wooden;Manat back-end Internal;navigate tan;Berkshire SMS;Borders;Soap;true;false;Soft;content extend Granite;2022-12-06;2022-12-05;Squares;true;true;false;true
